role,favorites,voice_actors,character.mal_id,character.url,character.images.jpg.image_url,character.images.webp.image_url,character.images.webp.small_image_url,character.name
Main,29818,"[{'person': {'mal_id': 16, 'url': 'https://myanimelist.net/people/16/Noriaki_Sugiyama', 'images': {'jpg': {'image_url': 'https://cdn.myanimelist.net/images/voiceactors/3/73289.jpg?s=429ee25324e9906db1f67a4d2e675230'}}, 'name': 'Sugiyama, Noriaki'}, 'language': 'Japanese'}, {'person': {'mal_id': 20080, 'url': 'https://myanimelist.net/people/20080/Christophe_Hespel', 'images': {'jpg': {'image_url': 'https://cdn.myanimelist.net/images/voiceactors/3/84655.jpg?s=06aeb854ba41f8d629979b5d7e90e5f4'}}, 'name': 'Hespel, Christophe'}, 'language': 'French'}, {'person': {'mal_id': 7002, 'url': 'https://myanimelist.net/people/7002/Jannik_Endemann', 'images': {'jpg': {'image_url': 'https://cdn.myanimelist.net/images/voiceactors/2/40330.jpg?s=d85573a5a0181b34f6b7a4175e4fe38f'}}, 'name': 'Endemann, Jannik'}, 'language': 'German'}, {'person': {'mal_id': 225, 'url': 'https://myanimelist.net/people/225/Yuri_Lowenthal', 'images': {'jpg': {'image_url': 'https://cdn.myanimelist.net/images/voiceactors/3/39030.jpg?s=f0099087fc3f79903d24de2edceb778f'}}, 'name': 'Lowenthal, Yuri'}, 'language': 'English'}, {'person': {'mal_id': 7694, 'url': 'https://myanimelist.net/people/7694/Víctor_Ugarte', 'images': {'jpg': {'image_url': 'https://cdn.myanimelist.net/images/voiceactors/1/70314.jpg?s=5b9ebe16b909e4d093e57a1d158e8586'}}, 'name': 'Ugarte, Víctor'}, 'language': 'Spanish'}, {'person': {'mal_id': 5141, 'url': 'https://myanimelist.net/people/5141/Robson_Kumode', 'images': {'jpg': {'image_url': 'https://cdn.myanimelist.net/images/voiceactors/2/62395.jpg?s=ad00156ead74b7bbe740ceac875a59ba'}}, 'name': 'Kumode, Robson'}, 'language': 'Portuguese (BR)'}, {'person': {'mal_id': 48870, 'url': 'https://myanimelist.net/people/48870/Carles_Teruel', 'images': {'jpg': {'image_url': 'https://cdn.myanimelist.net/images/voiceactors/1/62447.jpg?s=3ccec3b6e679b85661e9f975a49f56c0'}}, 'name': 'Teruel, Carles'}, 'language': 'Spanish'}, {'person': {'mal_id': 1292, 'url': 'https://myanimelist.net/people/1292/Alessandro_Rigotti', 'images': {'jpg': {'image_url': 'https://cdn.myanimelist.net/images/voiceactors/2/1285.jpg?s=aa43f1d4eb495405f6a49ae9c4f5602b'}}, 'name': 'Rigotti, Alessandro'}, 'language': 'Italian'}, {'person': {'mal_id': 46321, 'url': 'https://myanimelist.net/people/46321/Zhen_Wang', 'images': {'jpg': {'image_url': 'https://cdn.myanimelist.net/images/voiceactors/1/86836.jpg?s=5020d5fd003ec9d013da19410e5997b5'}}, 'name': 'Wang, Zhen'}, 'language': 'Mandarin'}]",13,https://myanimelist.net/character/13/Sasuke_Uchiha,https://cdn.myanimelist.net/images/characters/9/131317.jpg?s=9705c17dba36c2edebded3a72dc1a46e,https://cdn.myanimelist.net/images/characters/9/131317.webp?s=9705c17dba36c2edebded3a72dc1a46e,https://cdn.myanimelist.net/images/characters/9/131317t.webp?s=9705c17dba36c2edebded3a72dc1a46e,"Uchiha, Sasuke"
Main,1237,"[{'person': {'mal_id': 1172, 'url': 'https://myanimelist.net/people/1172/Kokoro_Kikuchi', 'images': {'jpg': {'image_url': 'https://cdn.myanimelist.net/images/voiceactors/1/71461.jpg?s=9f7ddec45957044fb47d45ada4ee4782'}}, 'name': 'Kikuchi, Kokoro'}, 'language': 'Japanese'}, {'person': {'mal_id': 7285, 'url': 'https://myanimelist.net/people/7285/Claire_Tefnin', 'images': {'jpg': {'image_url': 'https://cdn.myanimelist.net/images/voiceactors/1/72653.jpg?s=03aca8098a309073197e31425b0245f1'}}, 'name': 'Tefnin, Claire'}, 'language': 'French'}, {'person': {'mal_id': 43312, 'url': 'https://myanimelist.net/people/43312/Selina_Böttcher', 'images': {'jpg': {'image_url': 'https://cdn.myanimelist.net/images/voiceactors/1/47049.jpg?s=44ac0b42a0d2d5deb3d5a69b97707550'}}, 'name': 'Böttcher, Selina'}, 'language': 'German'}, {'person': {'mal_id': 1650, 'url': 'https://myanimelist.net/people/1650/Cherami_Leigh', 'images': {'jpg': {'image_url': 'https://cdn.myanimelist.net/images/voiceactors/2/47505.jpg?s=70a4eeaa04501d3a866693fb2f80e0fb'}}, 'name': 'Leigh, Cherami'}, 'language': 'English'}, {'person': {'mal_id': 57193, 'url': 'https://myanimelist.net/people/57193/Azucena_Valadez', 'images': {'jpg': {'image_url': 'https://cdn.myanimelist.net/images/voiceactors/1/68493.jpg?s=839748f2ad740c8a8a611023906f34fa'}}, 'name': 'Valadez, Azucena'}, 'language': 'Spanish'}, {'person': {'mal_id': 46375, 'url': 'https://myanimelist.net/people/46375/Luiza_Porto', 'images': {'jpg': {'image_url': 'https://cdn.myanimelist.net/images/voiceactors/1/77553.jpg?s=034a34ef89418c413bbc76755fa010ed'}}, 'name': 'Porto, Luiza'}, 'language': 'Portuguese (BR)'}, {'person': {'mal_id': 78985, 'url': 'https://myanimelist.net/people/78985/Henar_Hernández', 'images': {'jpg': {'image_url': 'https://cdn.myanimelist.net/images/voiceactors/2/82435.jpg?s=f844cca86fa4e26b6250361f5e2cd07c'}}, 'name': 'Hernández, Henar'}, 'language': 'Spanish'}, {'person': {'mal_id': 46525, 'url': 'https://myanimelist.net/people/46525/Giulia_Bersani', 'images': {'jpg': {'image_url': 'https://cdn.myanimelist.net/images/voiceactors/1/67699.jpg?s=02f151c2636d43d14f645a9daf72860b'}}, 'name': 'Bersani, Giulia'}, 'language': 'Italian'}, {'person': {'mal_id': 86359, 'url': 'https://myanimelist.net/people/86359/Hye-won_Jung', 'images': {'jpg': {'image_url': 'https://cdn.myanimelist.net/images/voiceactors/3/85812.jpg?s=9c2fd97447fe6ad9f3f472f7c5f5a331'}}, 'name': 'Jung, Hye-won'}, 'language': 'Korean'}, {'person': {'mal_id': 46318, 'url': 'https://myanimelist.net/people/46318/Xinzhu_Tong', 'images': {'jpg': {'image_url': 'https://cdn.myanimelist.net/images/voiceactors/3/49901.jpg?s=d120aa0f43fff0e2fa59af49ef7753ea'}}, 'name': 'Tong, Xinzhu'}, 'language': 'Mandarin'}]",117791,https://myanimelist.net/character/117791/Sarada_Uchiha,https://cdn.myanimelist.net/images/characters/5/292448.jpg?s=2325bf125a1bec74b888defa4c5bb02a,https://cdn.myanimelist.net/images/characters/5/292448.webp?s=2325bf125a1bec74b888defa4c5bb02a,https://cdn.myanimelist.net/images/characters/5/292448t.webp?s=2325bf125a1bec74b888defa4c5bb02a,"Uchiha, Sarada"
Main,86661,"[{'person': {'mal_id': 15, 'url': 'https://myanimelist.net/people/15/Junko_Takeuchi', 'images': {'jpg': {'image_url': 'https://cdn.myanimelist.net/images/voiceactors/1/54677.jpg?s=f3db98147778a5843a3a4ea5fb5468ee'}}, 'name': 'Takeuchi, Junko'}, 'language': 'Japanese'}, {'person': {'mal_id': 1634, 'url': 'https://myanimelist.net/people/1634/Carole_Baillien', 'images': {'jpg': {'image_url': 'https://cdn.myanimelist.net/images/voiceactors/3/84294.jpg?s=34a04159842be07766e56805cc9c142a'}}, 'name': 'Baillien, Carole'}, 'language': 'French'}, {'person': {'mal_id': 40040, 'url': 'https://myanimelist.net/people/40040/Henning_Nöhren', 'images': {'jpg': {'image_url': 'https://cdn.myanimelist.net/images/voiceactors/2/40332.jpg?s=9002f046e6902daf9a803dfa64183f63'}}, 'name': 'Nöhren, Henning'}, 'language': 'German'}, {'person': {'mal_id': 609, 'url': 'https://myanimelist.net/people/609/Maile_Flanagan', 'images': {'jpg': {'image_url': 'https://cdn.myanimelist.net/images/voiceactors/1/39539.jpg?s=e7b2c6113301a12011d189fd49ef995c'}}, 'name': 'Flanagan, Maile'}, 'language': 'English'}, {'person': {'mal_id': 1686, 'url': 'https://myanimelist.net/people/1686/Isabel_Martiñón', 'images': {'jpg': {'image_url': 'https://cdn.myanimelist.net/images/voiceactors/1/73971.jpg?s=38acd9ef92a2e0f60c19e027b03b0ad0'}}, 'name': 'Martiñón, Isabel'}, 'language': 'Spanish'}, {'person': {'mal_id': 8241, 'url': 'https://myanimelist.net/people/8241/Úrsula_Bezerra', 'images': {'jpg': {'image_url': 'https://cdn.myanimelist.net/images/voiceactors/3/61222.jpg?s=56480c6e6283f5833eac72fa85e280f9'}}, 'name': 'Bezerra, Úrsula'}, 'language': 'Portuguese (BR)'}, {'person': {'mal_id': 45980, 'url': 'https://myanimelist.net/people/45980/David_Jenner', 'images': {'jpg': {'image_url': 'https://cdn.myanimelist.net/images/voiceactors/2/55877.jpg?s=ac6b7c2878966f693bd14222ca899015'}}, 'name': 'Jenner, David'}, 'language': 'Spanish'}, {'person': {'mal_id': 1290, 'url': 'https://myanimelist.net/people/1290/Leonardo_Graziano', 'images': {'jpg': {'image_url': 'https://cdn.myanimelist.net/images/voiceactors/2/1282.jpg?s=c9121f5e9146e6e91508ce71bea2ff39'}}, 'name': 'Graziano, Leonardo'}, 'language': 'Italian'}, {'person': {'mal_id': 46359, 'url': 'https://myanimelist.net/people/46359/Xin_Teng', 'images': {'jpg': {'image_url': 'https://cdn.myanimelist.net/images/voiceactors/2/49914.jpg?s=4021beb72f7c9bba2a0f263fe7a3fc40'}}, 'name': 'Teng, Xin'}, 'language': 'Mandarin'}, {'person': {'mal_id': 14777, 'url': 'https://myanimelist.net/people/14777/Sang_Hyeon_Eom', 'images': {'jpg': {'image_url': 'https://cdn.myanimelist.net/images/voiceactors/3/15323.jpg?s=362ac21fb441783652b524bce17ac5d7'}}, 'name': 'Eom, Sang Hyeon'}, 'language': 'Korean'}, {'person': {'mal_id': 47431, 'url': 'https://myanimelist.net/people/47431/Hosan_Lee', 'images': {'jpg': {'image_url': 'https://cdn.myanimelist.net/images/voiceactors/3/50667.jpg?s=1c64d4a67ac6d27469f8c22f6923d1e2'}}, 'name': 'Lee, Hosan'}, 'language': 'Korean'}]",17,https://myanimelist.net/character/17/Naruto_Uzumaki,https://cdn.myanimelist.net/images/characters/2/284121.jpg?s=3ebac88ad166bf105d8f04894f3fb469,https://cdn.myanimelist.net/images/characters/2/284121.webp?s=3ebac88ad166bf105d8f04894f3fb469,https://cdn.myanimelist.net/images/characters/2/284121t.webp?s=3ebac88ad166bf105d8f04894f3fb469,"Uzumaki, Naruto"
Main,2004,"[{'person': {'mal_id': 407, 'url': 'https://myanimelist.net/people/407/Yuuko_Sanpei', 'images': {'jpg': {'image_url': 'https://cdn.myanimelist.net/images/voiceactors/2/72329.jpg?s=cf6da3b4d63d37f9264226be3a348f8c'}}, 'name': 'Sanpei, Yuuko'}, 'language': 'Japanese'}, {'person': {'mal_id': 43313, 'url': 'https://myanimelist.net/people/43313/Daniel_Kirchberger', 'images': {'jpg': {'image_url': 'https://cdn.myanimelist.net/images/questionmark_23.gif?s=f7dcbc4a4603d18356d3dfef8abd655c'}}, 'name': 'Kirchberger, Daniel'}, 'language': 'German'}, {'person': {'mal_id': 13703, 'url': 'https://myanimelist.net/people/13703/Bennett_Abara', 'images': {'jpg': {'image_url': 'https://cdn.myanimelist.net/images/voiceactors/3/36809.jpg?s=ad3cf052505e0188a4f60a8cef53b54e'}}, 'name': 'Abara, Bennett'}, 'language': 'English'}, {'person': {'mal_id': 47452, 'url': 'https://myanimelist.net/people/47452/Youji_Wang', 'images': {'jpg': {'image_url': 'https://cdn.myanimelist.net/images/voiceactors/2/53783.jpg?s=ce3dfd0b96bcdd83be996b23917b54d6'}}, 'name': 'Wang, Youji'}, 'language': 'Mandarin'}, {'person': {'mal_id': 55440, 'url': 'https://myanimelist.net/people/55440/Fabienne_Loriaux', 'images': {'jpg': {'image_url': 'https://cdn.myanimelist.net/images/voiceactors/2/65430.jpg?s=e79ca6277116d2be64f94e36f35fa83b'}}, 'name': 'Loriaux, Fabienne'}, 'language': 'French'}, {'person': {'mal_id': 57182, 'url': 'https://myanimelist.net/people/57182/Karen_Vallejo', 'images': {'jpg': {'image_url': 'https://cdn.myanimelist.net/images/voiceactors/3/73467.jpg?s=02f71d26b4cc6513fff9f429a6ee4fef'}}, 'name': 'Vallejo, Karen'}, 'language': 'Spanish'}, {'person': {'mal_id': 46008, 'url': 'https://myanimelist.net/people/46008/Ma_Zink', 'images': {'jpg': {'image_url': 'https://cdn.myanimelist.net/images/voiceactors/3/75283.jpg?s=c0d6eb2cf256f863d329beb4b43ad502'}}, 'name': 'Zink, Ma'}, 'language': 'Portuguese (BR)'}, {'person': {'mal_id': 80419, 'url': 'https://myanimelist.net/people/80419/Iván_Priego_Posada', 'images': {'jpg': {'image_url': 'https://cdn.myanimelist.net/images/voiceactors/3/83070.jpg?s=9f90e73659a2e9fdc0e3c926552ee4ca'}}, 'name': 'Priego Posada, Iván'}, 'language': 'Spanish'}, {'person': {'mal_id': 56665, 'url': 'https://myanimelist.net/people/56665/Sebastiano_Tamburrini', 'images': {'jpg': {'image_url': 'https://cdn.myanimelist.net/images/questionmark_23.gif?s=f7dcbc4a4603d18356d3dfef8abd655c'}}, 'name': 'Tamburrini, Sebastiano'}, 'language': 'Italian'}]",117517,https://myanimelist.net/character/117517/Boruto_Uzumaki,https://cdn.myanimelist.net/images/characters/2/292447.jpg?s=2268c929ed1ef587e1bf253043b7c542,https://cdn.myanimelist.net/images/characters/2/292447.webp?s=2268c929ed1ef587e1bf253043b7c542,https://cdn.myanimelist.net/images/characters/2/292447t.webp?s=2268c929ed1ef587e1bf253043b7c542,"Uzumaki, Boruto"
Supporting,537,"[{'person': {'mal_id': 21401, 'url': 'https://myanimelist.net/people/21401/Alexandre_Crépet', 'images': {'jpg': {'image_url': 'https://cdn.myanimelist.net/images/voiceactors/1/71248.jpg?s=e7e3eb3f011298a0c655dc30f2a4e85a'}}, 'name': 'Crépet, Alexandre'}, 'language': 'French'}, {'person': {'mal_id': 29977, 'url': 'https://myanimelist.net/people/29977/Óscar_Flores', 'images': {'jpg': {'image_url': 'https://cdn.myanimelist.net/images/voiceactors/1/69909.jpg?s=961a81d9d01cfe155092dbc10bf35db4'}}, 'name': 'Flores, Óscar'}, 'language': 'Spanish'}, {'person': {'mal_id': 390, 'url': 'https://myanimelist.net/people/390/Derek_Stephen_Prince', 'images': {'jpg': {'image_url': 'https://cdn.myanimelist.net/images/voiceactors/3/41281.jpg?s=9cdd7f3211e68f90b3f2dfa9958585e1'}}, 'name': 'Prince, Derek Stephen'}, 'language': 'English'}]",3428,https://myanimelist.net/character/3428/Shino_Aburame,https://cdn.myanimelist.net/images/characters/16/292449.jpg?s=f7b8f2084a65d22cd9381f25a55f8b2f,https://cdn.myanimelist.net/images/characters/16/292449.webp?s=f7b8f2084a65d22cd9381f25a55f8b2f,https://cdn.myanimelist.net/images/characters/16/292449t.webp?s=f7b8f2084a65d22cd9381f25a55f8b2f,"Aburame, Shino"
Supporting,37,"[{'person': {'mal_id': 20094, 'url': 'https://myanimelist.net/people/20094/Bianca_Alencar', 'images': {'jpg': {'image_url': 'https://cdn.myanimelist.net/images/voiceactors/2/61646.jpg?s=9b3007dadcc945c9e5c870c56b581cfe'}}, 'name': 'Alencar, Bianca'}, 'language': 'Portuguese (BR)'}, {'person': {'mal_id': 264, 'url': 'https://myanimelist.net/people/264/Colleen_OShaughnessey', 'images': {'jpg': {'image_url': 'https://cdn.myanimelist.net/images/voiceactors/1/39297.jpg?s=3eb0d8112ad4c10e96ff439ea460ea41'}}, 'name': ""O'Shaughnessey, Colleen""}, 'language': 'English'}]",127964,https://myanimelist.net/character/127964/Chouchou_Akimichi,https://cdn.myanimelist.net/images/characters/3/297478.jpg?s=dde8553e8974bc9ce69ac5a82fd33447,https://cdn.myanimelist.net/images/characters/3/297478.webp?s=dde8553e8974bc9ce69ac5a82fd33447,https://cdn.myanimelist.net/images/characters/3/297478t.webp?s=dde8553e8974bc9ce69ac5a82fd33447,"Akimichi, Chouchou"
Supporting,7,"[{'person': {'mal_id': 344, 'url': 'https://myanimelist.net/people/344/Kouki_Miyata', 'images': {'jpg': {'image_url': 'https://cdn.myanimelist.net/images/voiceactors/3/74495.jpg?s=5a831e51e51c47f355ee89c1dc072b0d'}}, 'name': 'Miyata, Kouki'}, 'language': 'Japanese'}, {'person': {'mal_id': 1361, 'url': 'https://myanimelist.net/people/1361/Brian_Beacock', 'images': {'jpg': {'image_url': 'https://cdn.myanimelist.net/images/voiceactors/1/37035.jpg?s=8d20cb1dce639c5ae917f39d7f3baf55'}}, 'name': 'Beacock, Brian'}, 'language': 'English'}, {'person': {'mal_id': 27707, 'url': 'https://myanimelist.net/people/27707/Frédéric_Meaux', 'images': {'jpg': {'image_url': 'https://cdn.myanimelist.net/images/voiceactors/1/65523.jpg?s=a2b97cb123597f546f7ca22ab64ecd59'}}, 'name': 'Meaux, Frédéric'}, 'language': 'French'}, {'person': {'mal_id': 59288, 'url': 'https://myanimelist.net/people/59288/Ferso_Velázquez', 'images': {'jpg': {'image_url': 'https://cdn.myanimelist.net/images/voiceactors/1/73463.jpg?s=d24eb1dc3b4f15c090ac7d8db8e77273'}}, 'name': 'Velázquez, Ferso'}, 'language': 'Spanish'}, {'person': {'mal_id': 43619, 'url': 'https://myanimelist.net/people/43619/Marco_Aurélio_Campos', 'images': {'jpg': {'image_url': 'https://cdn.myanimelist.net/images/voiceactors/3/82001.jpg?s=c93c10dc313d13a77ae9a9a3f6b1074c'}}, 'name': 'Campos, Marco Aurélio'}, 'language': 'Portuguese (BR)'}, {'person': {'mal_id': 40042, 'url': 'https://myanimelist.net/people/40042/Jesse_Grimm', 'images': {'jpg': {'image_url': 'https://cdn.myanimelist.net/images/voiceactors/1/40334.jpg?s=fdd70b6b76ec34d362bfbefd9f9d4903'}}, 'name': 'Grimm, Jesse'}, 'language': 'German'}, {'person': {'mal_id': 25405, 'url': 'https://myanimelist.net/people/25405/Andrea_Oldani', 'images': {'jpg': {'image_url': 'https://cdn.myanimelist.net/images/voiceactors/2/86793.jpg?s=dc4d995944a059ab1757184c40ac4e59'}}, 'name': 'Oldani, Andrea'}, 'language': 'Italian'}, {'person': {'mal_id': 87362, 'url': 'https://myanimelist.net/people/87362/Dani_Oliver', 'images': {'jpg': {'image_url': 'https://cdn.myanimelist.net/images/questionmark_23.gif?s=f7dcbc4a4603d18356d3dfef8abd655c'}}, 'name': 'Oliver, Dani'}, 'language': 'Spanish'}, {'person': {'mal_id': 46374, 'url': 'https://myanimelist.net/people/46374/Yao_Li', 'images': {'jpg': {'image_url': 'https://cdn.myanimelist.net/images/voiceactors/3/49927.jpg?s=aedd0986782b05f2e74b5f932662d6be'}}, 'name': 'Li, Yao'}, 'language': 'Mandarin'}]",23418,https://myanimelist.net/character/23418/Choujuurou,https://cdn.myanimelist.net/images/characters/6/232239.jpg?s=365a287b1eff38c301511d94f6abd268,https://cdn.myanimelist.net/images/characters/6/232239.webp?s=365a287b1eff38c301511d94f6abd268,https://cdn.myanimelist.net/images/characters/6/232239t.webp?s=365a287b1eff38c301511d94f6abd268,Choujuurou
Supporting,103,"[{'person': {'mal_id': 12615, 'url': 'https://myanimelist.net/people/12615/Ryouta_Takeuchi', 'images': {'jpg': {'image_url': 'https://cdn.myanimelist.net/images/voiceactors/1/58161.jpg?s=493931b7b174f6dc7777a6531337a1a3'}}, 'name': 'Takeuchi, Ryouta'}, 'language': 'Japanese'}, {'person': {'mal_id': 43305, 'url': 'https://myanimelist.net/people/43305/Tobias_Diakow', 'images': {'jpg': {'image_url': 'https://cdn.myanimelist.net/images/voiceactors/1/47060.jpg?s=522de8dfc8c1bf271cf19da85e1e9ae6'}}, 'name': 'Diakow, Tobias'}, 'language': 'German'}, {'person': {'mal_id': 52318, 'url': 'https://myanimelist.net/people/52318/Catero_Colbert', 'images': {'jpg': {'image_url': 'https://cdn.myanimelist.net/images/voiceactors/1/60544.jpg?s=e83c6b610aad53bc75d9803427e8b9e6'}}, 'name': 'Colbert, Catero'}, 'language': 'English'}, {'person': {'mal_id': 9909, 'url': 'https://myanimelist.net/people/9909/Sébastien_Hébrant', 'images': {'jpg': {'image_url': 'https://cdn.myanimelist.net/images/voiceactors/3/70017.jpg?s=3b5a8690f1ca8db30008056a871cb780'}}, 'name': 'Hébrant, Sébastien'}, 'language': 'French'}, {'person': {'mal_id': 57423, 'url': 'https://myanimelist.net/people/57423/Octavio_Rojas', 'images': {'jpg': {'image_url': 'https://cdn.myanimelist.net/images/voiceactors/3/68777.jpg?s=0f7d672758cb51dc465cbd95806e5596'}}, 'name': 'Rojas, Octavio'}, 'language': 'Spanish'}, {'person': {'mal_id': 43800, 'url': 'https://myanimelist.net/people/43800/Francisco_Júnior', 'images': {'jpg': {'image_url': 'https://cdn.myanimelist.net/images/voiceactors/3/75752.jpg?s=e8ea53371e7dfda0a2163edd6d9c6f86'}}, 'name': 'Júnior, Francisco'}, 'language': 'Portuguese (BR)'}, {'person': {'mal_id': 42917, 'url': 'https://myanimelist.net/people/42917/Diego_Baldoin', 'images': {'jpg': {'image_url': 'https://cdn.myanimelist.net/images/voiceactors/2/68699.jpg?s=5bc6ee59a918cdae44ba1c913915e274'}}, 'name': 'Baldoin, Diego'}, 'language': 'Italian'}]",23476,https://myanimelist.net/character/23476/Darui,https://cdn.myanimelist.net/images/characters/16/293381.jpg?s=c007249ae2da00233ee2b2bf561323a8,https://cdn.myanimelist.net/images/characters/16/293381.webp?s=c007249ae2da00233ee2b2bf561323a8,https://cdn.myanimelist.net/images/characters/16/293381t.webp?s=c007249ae2da00233ee2b2bf561323a8,Darui
Supporting,13378,"[{'person': {'mal_id': 17, 'url': 'https://myanimelist.net/people/17/Akira_Ishida', 'images': {'jpg': {'image_url': 'https://cdn.myanimelist.net/images/voiceactors/3/62624.jpg?s=e177139a222a21c2cd73e39e54187aef'}}, 'name': 'Ishida, Akira'}, 'language': 'Japanese'}, {'person': {'mal_id': 9937, 'url': 'https://myanimelist.net/people/9937/Tony_Beck', 'images': {'jpg': {'image_url': 'https://cdn.myanimelist.net/images/voiceactors/2/69248.jpg?s=2e64e94512071cc5b48ca400edd22eec'}}, 'name': 'Beck, Tony'}, 'language': 'French'}, {'person': {'mal_id': 23751, 'url': 'https://myanimelist.net/people/23751/Robert_Kotulla', 'images': {'jpg': {'image_url': 'https://cdn.myanimelist.net/images/voiceactors/1/26639.jpg?s=72b1f6a3e9d605f76b1ad87742937e20'}}, 'name': 'Kotulla, Robert'}, 'language': 'German'}, {'person': {'mal_id': 317, 'url': 'https://myanimelist.net/people/317/Liam_OBrien', 'images': {'jpg': {'image_url': 'https://cdn.myanimelist.net/images/voiceactors/1/41984.jpg?s=b0a3a298c63194407e1509b2dda73ef9'}}, 'name': ""O'Brien, Liam""}, 'language': 'English'}, {'person': {'mal_id': 7094, 'url': 'https://myanimelist.net/people/7094/Eduardo_Garza', 'images': {'jpg': {'image_url': 'https://cdn.myanimelist.net/images/voiceactors/3/68498.jpg?s=3de3b17beea5590b7f85969262cb0ed3'}}, 'name': 'Garza, Eduardo'}, 'language': 'Spanish'}, {'person': {'mal_id': 11521, 'url': 'https://myanimelist.net/people/11521/Yuri_Chesman', 'images': {'jpg': {'image_url': 'https://cdn.myanimelist.net/images/voiceactors/1/64740.jpg?s=93a317325d77ac84ee15cfb502b15b48'}}, 'name': 'Chesman, Yuri'}, 'language': 'Portuguese (BR)'}, {'person': {'mal_id': 78635, 'url': 'https://myanimelist.net/people/78635/Álvaro_Esteve', 'images': {'jpg': {'image_url': 'https://cdn.myanimelist.net/images/voiceactors/2/85508.jpg?s=2aaa30f0598e485fb56561f7fbaac548'}}, 'name': 'Esteve, Álvaro'}, 'language': 'Spanish'}, {'person': {'mal_id': 1267, 'url': 'https://myanimelist.net/people/1267/Luigi_Rosa', 'images': {'jpg': {'image_url': 'https://cdn.myanimelist.net/images/voiceactors/3/1263.jpg?s=fe422e26f09683bf7b55e4611d5f242d'}}, 'name': 'Rosa, Luigi'}, 'language': 'Italian'}, {'person': {'mal_id': 47539, 'url': 'https://myanimelist.net/people/47539/Xupeng_Cao', 'images': {'jpg': {'image_url': 'https://cdn.myanimelist.net/images/voiceactors/2/83305.jpg?s=527b82782403dea34c4c7e149936cf70'}}, 'name': 'Cao, Xupeng'}, 'language': 'Mandarin'}]",1662,https://myanimelist.net/character/1662/Gaara,https://cdn.myanimelist.net/images/characters/10/293375.jpg?s=ceeb8ed1578737104c8e347ab7a52101,https://cdn.myanimelist.net/images/characters/10/293375.webp?s=ceeb8ed1578737104c8e347ab7a52101,https://cdn.myanimelist.net/images/characters/10/293375t.webp?s=ceeb8ed1578737104c8e347ab7a52101,Gaara
Supporting,6,"[{'person': {'mal_id': 14213, 'url': 'https://myanimelist.net/people/14213/Matthew_Mercer', 'images': {'jpg': {'image_url': 'https://cdn.myanimelist.net/images/voiceactors/2/39513.jpg?s=7021f0f0da648285cee1549222163487'}}, 'name': 'Mercer, Matthew'}, 'language': 'English'}]",55293,https://myanimelist.net/character/55293/Gyuuki,https://cdn.myanimelist.net/images/characters/3/293374.jpg?s=bfb638d2d6e7ba4d897049e327e28abc,https://cdn.myanimelist.net/images/characters/3/293374.webp?s=bfb638d2d6e7ba4d897049e327e28abc,https://cdn.myanimelist.net/images/characters/3/293374t.webp?s=bfb638d2d6e7ba4d897049e327e28abc,Gyuuki
Supporting,5575,"[{'person': {'mal_id': 300, 'url': 'https://myanimelist.net/people/300/Chie_Nakamura', 'images': {'jpg': {'image_url': 'https://cdn.myanimelist.net/images/voiceactors/2/75895.jpg?s=fd560b5d61dcf47f0cc9aa761db82582'}}, 'name': 'Nakamura, Chie'}, 'language': 'Japanese'}, {'person': {'mal_id': 26599, 'url': 'https://myanimelist.net/people/26599/Maia_Baran', 'images': {'jpg': {'image_url': 'https://cdn.myanimelist.net/images/voiceactors/2/71267.jpg?s=1d277262a13830b51b4672fa640ac901'}}, 'name': 'Baran, Maia'}, 'language': 'French'}, {'person': {'mal_id': 8517, 'url': 'https://myanimelist.net/people/8517/Katharina_von_Keller', 'images': {'jpg': {'image_url': 'https://cdn.myanimelist.net/images/voiceactors/3/47050.jpg?s=a62905ec7dbbafc14a9803e3291798d4'}}, 'name': 'von Keller, Katharina'}, 'language': 'German'}, {'person': {'mal_id': 318, 'url': 'https://myanimelist.net/people/318/Kate_Higgins', 'images': {'jpg': {'image_url': 'https://cdn.myanimelist.net/images/voiceactors/1/15911.jpg?s=f5593bf3b59871782d708f12da078833'}}, 'name': 'Higgins, Kate'}, 'language': 'English'}, {'person': {'mal_id': 56579, 'url': 'https://myanimelist.net/people/56579/Montserrat_Aguilar', 'images': {'jpg': {'image_url': 'https://cdn.myanimelist.net/images/voiceactors/3/68865.jpg?s=d43784bdabe14d7ce6aefb23a463b704'}}, 'name': 'Aguilar, Montserrat'}, 'language': 'Spanish'}, {'person': {'mal_id': 1442, 'url': 'https://myanimelist.net/people/1442/Tatiane_Keplmair', 'images': {'jpg': {'image_url': 'https://cdn.myanimelist.net/images/voiceactors/2/69880.jpg?s=4fcb671dee443f2c43b0648e19d6e0e9'}}, 'name': 'Keplmair, Tatiane'}, 'language': 'Portuguese (BR)'}, {'person': {'mal_id': 78666, 'url': 'https://myanimelist.net/people/78666/Nerea_Alfonso', 'images': {'jpg': {'image_url': 'https://cdn.myanimelist.net/images/voiceactors/3/82337.jpg?s=eb9118c9b2b901040e636d850af44e17'}}, 'name': 'Alfonso, Nerea'}, 'language': 'Spanish'}, {'person': {'mal_id': 1090, 'url': 'https://myanimelist.net/people/1090/Emanuela_Pacotto', 'images': {'jpg': {'image_url': 'https://cdn.myanimelist.net/images/voiceactors/3/28987.jpg?s=5c2fd7a61117beb4b7351f572bb5a52a'}}, 'name': 'Pacotto, Emanuela'}, 'language': 'Italian'}]",145,https://myanimelist.net/character/145/Sakura_Haruno,https://cdn.myanimelist.net/images/characters/9/69275.jpg?s=36c4ad9f4440d77918c34c49870e719c,https://cdn.myanimelist.net/images/characters/9/69275.webp?s=36c4ad9f4440d77918c34c49870e719c,https://cdn.myanimelist.net/images/characters/9/69275t.webp?s=36c4ad9f4440d77918c34c49870e719c,"Haruno, Sakura"
Supporting,12917,"[{'person': {'mal_id': 81, 'url': 'https://myanimelist.net/people/81/Nana_Mizuki', 'images': {'jpg': {'image_url': 'https://cdn.myanimelist.net/images/voiceactors/2/79687.jpg?s=8ca4fb9247ff66ab2446fe6afdab9bb5'}}, 'name': 'Mizuki, Nana'}, 'language': 'Japanese'}, {'person': {'mal_id': 21433, 'url': 'https://myanimelist.net/people/21433/Élisabeth_Guinand', 'images': {'jpg': {'image_url': 'https://cdn.myanimelist.net/images/voiceactors/3/71122.jpg?s=490ee43a01fddf3e53b30cf68ccbe5c8'}}, 'name': 'Guinand, Élisabeth'}, 'language': 'French'}, {'person': {'mal_id': 23755, 'url': 'https://myanimelist.net/people/23755/Julia_Fölster', 'images': {'jpg': {'image_url': 'https://cdn.myanimelist.net/images/voiceactors/3/39604.jpg?s=bb37851a10261cd80cc13953b79ef709'}}, 'name': 'Fölster, Julia'}, 'language': 'German'}, {'person': {'mal_id': 396, 'url': 'https://myanimelist.net/people/396/Stephanie_Sheh', 'images': {'jpg': {'image_url': 'https://cdn.myanimelist.net/images/voiceactors/1/38453.jpg?s=85fe08fa0760e7b36261e18bcfe41aab'}}, 'name': 'Sheh, Stephanie'}, 'language': 'English'}, {'person': {'mal_id': 21205, 'url': 'https://myanimelist.net/people/21205/Alondra_Hidalgo', 'images': {'jpg': {'image_url': 'https://cdn.myanimelist.net/images/voiceactors/3/24137.jpg?s=237cae03dd7639541cf16b989d394912'}}, 'name': 'Hidalgo, Alondra'}, 'language': 'Spanish'}, {'person': {'mal_id': 11667, 'url': 'https://myanimelist.net/people/11667/Flávia_Narciso', 'images': {'jpg': {'image_url': 'https://cdn.myanimelist.net/images/voiceactors/2/59156.jpg?s=9398f92fbdd65846ed51b3ca42c911f3'}}, 'name': 'Narciso, Flávia'}, 'language': 'Portuguese (BR)'}, {'person': {'mal_id': 80185, 'url': 'https://myanimelist.net/people/80185/Mónica_Campos', 'images': {'jpg': {'image_url': 'https://cdn.myanimelist.net/images/voiceactors/3/82988.jpg?s=44661ccf821fb2c74842208b88467aa7'}}, 'name': 'Campos, Mónica'}, 'language': 'Spanish'}, {'person': {'mal_id': 1291, 'url': 'https://myanimelist.net/people/1291/Federica_Valenti', 'images': {'jpg': {'image_url': 'https://cdn.myanimelist.net/images/voiceactors/3/1283.jpg?s=58fe797c8fc4b60dc11aab8cc74dce62'}}, 'name': 'Valenti, Federica'}, 'language': 'Italian'}]",1555,https://myanimelist.net/character/1555/Hinata_Hyuuga,https://cdn.myanimelist.net/images/characters/6/278736.jpg?s=efc87a537d323edc47900cb08e1722c9,https://cdn.myanimelist.net/images/characters/6/278736.webp?s=efc87a537d323edc47900cb08e1722c9,https://cdn.myanimelist.net/images/characters/6/278736t.webp?s=efc87a537d323edc47900cb08e1722c9,"Hyuuga, Hinata"
Supporting,1020,"[{'person': {'mal_id': 5486, 'url': 'https://myanimelist.net/people/5486/Enzo_Fortuny', 'images': {'jpg': {'image_url': 'https://cdn.myanimelist.net/images/voiceactors/2/73804.jpg?s=c54d44a4ab05c807a865f8c4851a590f'}}, 'name': 'Fortuny, Enzo'}, 'language': 'Spanish'}, {'person': {'mal_id': 336, 'url': 'https://myanimelist.net/people/336/Kyle_Hebert', 'images': {'jpg': {'image_url': 'https://cdn.myanimelist.net/images/voiceactors/1/38702.jpg?s=4787dbfdcce1b482a18261660cb67956'}}, 'name': 'Hebert, Kyle'}, 'language': 'English'}]",3495,https://myanimelist.net/character/3495/Kiba_Inuzuka,https://cdn.myanimelist.net/images/characters/11/131217.jpg?s=d3bc94609e7a552ec522daf99834c21a,https://cdn.myanimelist.net/images/characters/11/131217.webp?s=d3bc94609e7a552ec522daf99834c21a,https://cdn.myanimelist.net/images/characters/11/131217t.webp?s=d3bc94609e7a552ec522daf99834c21a,"Inuzuka, Kiba"
Supporting,771,"[{'person': {'mal_id': 27707, 'url': 'https://myanimelist.net/people/27707/Frédéric_Meaux', 'images': {'jpg': {'image_url': 'https://cdn.myanimelist.net/images/voiceactors/1/65523.jpg?s=a2b97cb123597f546f7ca22ab64ecd59'}}, 'name': 'Meaux, Frédéric'}, 'language': 'French'}, {'person': {'mal_id': 52318, 'url': 'https://myanimelist.net/people/52318/Catero_Colbert', 'images': {'jpg': {'image_url': 'https://cdn.myanimelist.net/images/voiceactors/1/60544.jpg?s=e83c6b610aad53bc75d9803427e8b9e6'}}, 'name': 'Colbert, Catero'}, 'language': 'English'}, {'person': {'mal_id': 57477, 'url': 'https://myanimelist.net/people/57477/Beto_Castillo', 'images': {'jpg': {'image_url': 'https://cdn.myanimelist.net/images/voiceactors/1/68842.jpg?s=a646dfc040c765b412a67ec2689812cf'}}, 'name': 'Castillo, Beto'}, 'language': 'Spanish'}, {'person': {'mal_id': 1481, 'url': 'https://myanimelist.net/people/1481/Hisao_Egawa', 'images': {'jpg': {'image_url': 'https://cdn.myanimelist.net/images/voiceactors/1/32537.jpg?s=e0ebf6e0447e917faf5ae8e5b4e79b82'}}, 'name': 'Egawa, Hisao'}, 'language': 'Japanese'}, {'person': {'mal_id': 44287, 'url': 'https://myanimelist.net/people/44287/Gilmar_Lourenço', 'images': {'jpg': {'image_url': 'https://cdn.myanimelist.net/images/voiceactors/1/68348.jpg?s=da2ff57dc65074e057824a85a5f8aa81'}}, 'name': 'Lourenço, Gilmar'}, 'language': 'Portuguese (BR)'}, {'person': {'mal_id': 42635, 'url': 'https://myanimelist.net/people/42635/Marco_Pagani', 'images': {'jpg': {'image_url': 'https://cdn.myanimelist.net/images/voiceactors/2/45997.jpg?s=b0831a0daee83c59c0699d1c5a89506f'}}, 'name': 'Pagani, Marco'}, 'language': 'Italian'}]",18473,https://myanimelist.net/character/18473/Killer_Bee,https://cdn.myanimelist.net/images/characters/2/128072.jpg?s=0253bf1db4c6aa0f46b3765350c530a2,https://cdn.myanimelist.net/images/characters/2/128072.webp?s=0253bf1db4c6aa0f46b3765350c530a2,https://cdn.myanimelist.net/images/characters/2/128072t.webp?s=0253bf1db4c6aa0f46b3765350c530a2,Killer Bee
Supporting,950,"[{'person': {'mal_id': 761, 'url': 'https://myanimelist.net/people/761/Tesshou_Genda', 'images': {'jpg': {'image_url': 'https://cdn.myanimelist.net/images/voiceactors/3/87617.jpg?s=c626dd4a60d6b5f773fa0c052f5c9455'}}, 'name': 'Genda, Tesshou'}, 'language': 'Japanese'}, {'person': {'mal_id': 43304, 'url': 'https://myanimelist.net/people/43304/Reent_Reins', 'images': {'jpg': {'image_url': 'https://cdn.myanimelist.net/images/voiceactors/1/47061.jpg?s=70695c09077eebd6db8fd991b7815995'}}, 'name': 'Reins, Reent'}, 'language': 'German'}, {'person': {'mal_id': 1562, 'url': 'https://myanimelist.net/people/1562/Paul_St_Peter', 'images': {'jpg': {'image_url': 'https://cdn.myanimelist.net/images/voiceactors/2/41505.jpg?s=289f135ee5e594a44518cc704fde5843'}}, 'name': 'St. Peter, Paul'}, 'language': 'English'}, {'person': {'mal_id': 26819, 'url': 'https://myanimelist.net/people/26819/Philippe_Résimont', 'images': {'jpg': {'image_url': 'https://cdn.myanimelist.net/images/voiceactors/2/67323.jpg?s=57b8df3c2e88d5f8c308a219efeb5655'}}, 'name': 'Résimont, Philippe'}, 'language': 'French'}, {'person': {'mal_id': 1462, 'url': 'https://myanimelist.net/people/1462/Irwin_Daayán', 'images': {'jpg': {'image_url': 'https://cdn.myanimelist.net/images/voiceactors/3/70686.jpg?s=ea699240e268e8a461caffc4e40ac7fa'}}, 'name': 'Daayán, Irwin'}, 'language': 'Spanish'}, {'person': {'mal_id': 7974, 'url': 'https://myanimelist.net/people/7974/Wellington_Lima', 'images': {'jpg': {'image_url': 'https://cdn.myanimelist.net/images/voiceactors/3/60262.jpg?s=5c7ea79d6f0cac04c873185e09cb31ae'}}, 'name': 'Lima, Wellington'}, 'language': 'Portuguese (BR)'}, {'person': {'mal_id': 43057, 'url': 'https://myanimelist.net/people/43057/Walter_Rivetti', 'images': {'jpg': {'image_url': 'https://cdn.myanimelist.net/images/voiceactors/1/46554.jpg?s=49b92b0dcdde4c8bac52a5fa9dfa0770'}}, 'name': 'Rivetti, Walter'}, 'language': 'Italian'}, {'person': {'mal_id': 87363, 'url': 'https://myanimelist.net/people/87363/José_Luis_Molina', 'images': {'jpg': {'image_url': 'https://cdn.myanimelist.net/images/voiceactors/2/86555.jpg?s=41ca7d4b197f5273cc659cbafb492db9'}}, 'name': 'Molina, José Luis'}, 'language': 'Spanish'}]",7407,https://myanimelist.net/character/7407/Kurama,https://cdn.myanimelist.net/images/characters/5/232183.jpg?s=4ab26e80928ae4a0a667ea3f21f72492,https://cdn.myanimelist.net/images/characters/5/232183.webp?s=4ab26e80928ae4a0a667ea3f21f72492,https://cdn.myanimelist.net/images/characters/5/232183t.webp?s=4ab26e80928ae4a0a667ea3f21f72492,Kurama
Supporting,14,"[{'person': {'mal_id': 587, 'url': 'https://myanimelist.net/people/587/Hana_Takeda', 'images': {'jpg': {'image_url': 'https://cdn.myanimelist.net/images/voiceactors/1/54751.jpg?s=8a891e477ab6a380b1539f20c2423db1'}}, 'name': 'Takeda, Hana'}, 'language': 'Japanese'}, {'person': {'mal_id': 43307, 'url': 'https://myanimelist.net/people/43307/Anna_Kumosiak', 'images': {'jpg': {'image_url': 'https://cdn.myanimelist.net/images/voiceactors/3/47058.jpg?s=f114ca33ce207dff4b8dec169f224170'}}, 'name': 'Kumosiak, Anna'}, 'language': 'German'}, {'person': {'mal_id': 187, 'url': 'https://myanimelist.net/people/187/Laura_Bailey', 'images': {'jpg': {'image_url': 'https://cdn.myanimelist.net/images/voiceactors/2/68463.jpg?s=24193a467ea9124cf9c107a2eab0b066'}}, 'name': 'Bailey, Laura'}, 'language': 'English'}, {'person': {'mal_id': 21433, 'url': 'https://myanimelist.net/people/21433/Élisabeth_Guinand', 'images': {'jpg': {'image_url': 'https://cdn.myanimelist.net/images/voiceactors/3/71122.jpg?s=490ee43a01fddf3e53b30cf68ccbe5c8'}}, 'name': 'Guinand, Élisabeth'}, 'language': 'French'}, {'person': {'mal_id': 57201, 'url': 'https://myanimelist.net/people/57201/Vanessa_Olea', 'images': {'jpg': {'image_url': 'https://cdn.myanimelist.net/images/voiceactors/1/69429.jpg?s=c6d968bf5b7766d040b57750f342a0a2'}}, 'name': 'Olea, Vanessa'}, 'language': 'Spanish'}, {'person': {'mal_id': 52887, 'url': 'https://myanimelist.net/people/52887/Patrícia_Souza', 'images': {'jpg': {'image_url': 'https://cdn.myanimelist.net/images/voiceactors/2/67238.jpg?s=51dd91bd2dec6195ecebf29a761f7f63'}}, 'name': 'Souza, Patrícia'}, 'language': 'Portuguese (BR)'}, {'person': {'mal_id': 11918, 'url': 'https://myanimelist.net/people/11918/Jenny_De_Cesarei', 'images': {'jpg': {'image_url': 'https://cdn.myanimelist.net/images/voiceactors/3/11357.jpg?s=5d3ea81bcb1465c26d61f01431e814cc'}}, 'name': 'De Cesarei, Jenny'}, 'language': 'Italian'}, {'person': {'mal_id': 85933, 'url': 'https://myanimelist.net/people/85933/Paula_Yuste', 'images': {'jpg': {'image_url': 'https://cdn.myanimelist.net/images/voiceactors/3/85709.jpg?s=f66536bfbfecb6c5baf66a95795ccbf0'}}, 'name': 'Yuste, Paula'}, 'language': 'Spanish'}]",23474,https://myanimelist.net/character/23474/Kurotsuchi,https://cdn.myanimelist.net/images/characters/11/110597.jpg?s=5443cb7be0337b24a7a3f42313250526,https://cdn.myanimelist.net/images/characters/11/110597.webp?s=5443cb7be0337b24a7a3f42313250526,https://cdn.myanimelist.net/images/characters/11/110597t.webp?s=5443cb7be0337b24a7a3f42313250526,Kurotsuchi
Supporting,6370,"[{'person': {'mal_id': 143, 'url': 'https://myanimelist.net/people/143/Yoichi_Masukawa', 'images': {'jpg': {'image_url': 'https://cdn.myanimelist.net/images/voiceactors/2/18741.jpg?s=0f7ef6c4d684250b33aa4db7ba901896'}}, 'name': 'Masukawa, Yoichi'}, 'language': 'Japanese'}, {'person': {'mal_id': 21713, 'url': 'https://myanimelist.net/people/21713/Jean-Pierre_Denuit', 'images': {'jpg': {'image_url': 'https://cdn.myanimelist.net/images/voiceactors/1/65428.jpg?s=1575df8875bfa060ed982d82c5218faa'}}, 'name': 'Denuit, Jean-Pierre'}, 'language': 'French'}, {'person': {'mal_id': 23741, 'url': 'https://myanimelist.net/people/23741/Tim_Kreuer', 'images': {'jpg': {'image_url': 'https://cdn.myanimelist.net/images/voiceactors/2/26633.jpg?s=b6c701bafb7790f8e911ebde70753312'}}, 'name': 'Kreuer, Tim'}, 'language': 'German'}, {'person': {'mal_id': 403, 'url': 'https://myanimelist.net/people/403/Brian_Donovan', 'images': {'jpg': {'image_url': 'https://cdn.myanimelist.net/images/voiceactors/1/41817.jpg?s=08ede4de510bb44328a5334a7b70aa45'}}, 'name': 'Donovan, Brian'}, 'language': 'English'}, {'person': {'mal_id': 60376, 'url': 'https://myanimelist.net/people/60376/Carlos_Díaz', 'images': {'jpg': {'image_url': 'https://cdn.myanimelist.net/images/voiceactors/3/70971.jpg?s=ab634f912d6a183cb8d576ed8ed274c9'}}, 'name': 'Díaz, Carlos'}, 'language': 'Spanish'}, {'person': {'mal_id': 5133, 'url': 'https://myanimelist.net/people/5133/Thiago_Keplmair', 'images': {'jpg': {'image_url': 'https://cdn.myanimelist.net/images/voiceactors/3/73120.jpg?s=451e6d37166cb9d742da38f0b5d694cb'}}, 'name': 'Keplmair, Thiago'}, 'language': 'Portuguese (BR)'}, {'person': {'mal_id': 1286, 'url': 'https://myanimelist.net/people/1286/Massimo_Di_Benedetto', 'images': {'jpg': {'image_url': 'https://cdn.myanimelist.net/images/voiceactors/1/87271.jpg?s=2d3e06826b8b8d676acd585efad3d8ef'}}, 'name': 'Di Benedetto, Massimo'}, 'language': 'Italian'}, {'person': {'mal_id': 47509, 'url': 'https://myanimelist.net/people/47509/Sheng_Guo', 'images': {'jpg': {'image_url': 'https://cdn.myanimelist.net/images/voiceactors/1/51476.jpg?s=d713167bd795dbd061eec80e1d8c17ea'}}, 'name': 'Guo, Sheng'}, 'language': 'Mandarin'}]",306,https://myanimelist.net/character/306/Rock_Lee,https://cdn.myanimelist.net/images/characters/13/433353.jpg?s=c2099a6532ecf14f4cf233c4cbd6532f,https://cdn.myanimelist.net/images/characters/13/433353.webp?s=c2099a6532ecf14f4cf233c4cbd6532f,https://cdn.myanimelist.net/images/characters/13/433353t.webp?s=c2099a6532ecf14f4cf233c4cbd6532f,"Lee, Rock"
Supporting,988,"[{'person': {'mal_id': 11407, 'url': 'https://myanimelist.net/people/11407/Ryuuichi_Kijima', 'images': {'jpg': {'image_url': 'https://cdn.myanimelist.net/images/voiceactors/1/74915.jpg?s=aa3ef2e82f944cd9332aa74e6eadfcf7'}}, 'name': 'Kijima, Ryuuichi'}, 'language': 'Japanese'}, {'person': {'mal_id': 26959, 'url': 'https://myanimelist.net/people/26959/Thibaut_Delmotte', 'images': {'jpg': {'image_url': 'https://cdn.myanimelist.net/images/voiceactors/1/87592.jpg?s=a1abec5f41339640268927ff073f4e8f'}}, 'name': 'Delmotte, Thibaut'}, 'language': 'French'}, {'person': {'mal_id': 32927, 'url': 'https://myanimelist.net/people/32927/Robbie_Daymond', 'images': {'jpg': {'image_url': 'https://cdn.myanimelist.net/images/voiceactors/2/42942.jpg?s=2793e95a531c74b466ed51183ee227bf'}}, 'name': 'Daymond, Robbie'}, 'language': 'English'}, {'person': {'mal_id': 44398, 'url': 'https://myanimelist.net/people/44398/Alan_Fernando_Velázquez', 'images': {'jpg': {'image_url': 'https://cdn.myanimelist.net/images/voiceactors/1/47866.jpg?s=63b5532e948ce28a1e7c7e1554929a9f'}}, 'name': 'Velázquez, Alan Fernando'}, 'language': 'Spanish'}, {'person': {'mal_id': 43670, 'url': 'https://myanimelist.net/people/43670/Lucas_Gama', 'images': {'jpg': {'image_url': 'https://cdn.myanimelist.net/images/voiceactors/2/79735.jpg?s=f0c97a1d03a2439c1836e8cff75dbc73'}}, 'name': 'Gama, Lucas'}, 'language': 'Portuguese (BR)'}, {'person': {'mal_id': 55708, 'url': 'https://myanimelist.net/people/55708/Ezio_Vivolo', 'images': {'jpg': {'image_url': 'https://cdn.myanimelist.net/images/voiceactors/1/87768.jpg?s=e63fe96e334a3cece80a0cebd383dc27'}}, 'name': 'Vivolo, Ezio'}, 'language': 'Italian'}, {'person': {'mal_id': 47539, 'url': 'https://myanimelist.net/people/47539/Xupeng_Cao', 'images': {'jpg': {'image_url': 'https://cdn.myanimelist.net/images/voiceactors/2/83305.jpg?s=527b82782403dea34c4c7e149936cf70'}}, 'name': 'Cao, Xupeng'}, 'language': 'Mandarin'}]",128188,https://myanimelist.net/character/128188/Mitsuki,https://cdn.myanimelist.net/images/characters/13/435397.jpg?s=5cf8eabc3afce93f474d636c44f18a8b,https://cdn.myanimelist.net/images/characters/13/435397.webp?s=5cf8eabc3afce93f474d636c44f18a8b,https://cdn.myanimelist.net/images/characters/13/435397t.webp?s=5cf8eabc3afce93f474d636c44f18a8b,Mitsuki
Supporting,69,"[{'person': {'mal_id': 819, 'url': 'https://myanimelist.net/people/819/Kensho_Ono', 'images': {'jpg': {'image_url': 'https://cdn.myanimelist.net/images/voiceactors/1/87051.jpg?s=d70f9f14a3056e5dc6adbd3637658fa0'}}, 'name': 'Ono, Kensho'}, 'language': 'Japanese'}, {'person': {'mal_id': 860, 'url': 'https://myanimelist.net/people/860/Todd_Haberkorn', 'images': {'jpg': {'image_url': 'https://cdn.myanimelist.net/images/voiceactors/2/80545.jpg?s=44302bf60883d6c920404010cff73f55'}}, 'name': 'Haberkorn, Todd'}, 'language': 'English'}, {'person': {'mal_id': 21713, 'url': 'https://myanimelist.net/people/21713/Jean-Pierre_Denuit', 'images': {'jpg': {'image_url': 'https://cdn.myanimelist.net/images/voiceactors/1/65428.jpg?s=1575df8875bfa060ed982d82c5218faa'}}, 'name': 'Denuit, Jean-Pierre'}, 'language': 'French'}, {'person': {'mal_id': 57318, 'url': 'https://myanimelist.net/people/57318/Emilio_Treviño', 'images': {'jpg': {'image_url': 'https://cdn.myanimelist.net/images/voiceactors/3/73475.jpg?s=cb05908d36c59774f20e414fed0971e8'}}, 'name': 'Treviño, Emilio'}, 'language': 'Spanish'}, {'person': {'mal_id': 33367, 'url': 'https://myanimelist.net/people/33367/Diego_Marques', 'images': {'jpg': {'image_url': 'https://cdn.myanimelist.net/images/voiceactors/3/73118.jpg?s=f4344d468c3c896e286316b10ddd697c'}}, 'name': 'Marques, Diego'}, 'language': 'Portuguese (BR)'}, {'person': {'mal_id': 85250, 'url': 'https://myanimelist.net/people/85250/Julian-Elias_Henneberg', 'images': {'jpg': {'image_url': 'https://cdn.myanimelist.net/images/questionmark_23.gif?s=f7dcbc4a4603d18356d3dfef8abd655c'}}, 'name': 'Henneberg, Julian-Elias'}, 'language': 'German'}, {'person': {'mal_id': 42875, 'url': 'https://myanimelist.net/people/42875/Andrea_Rotolo', 'images': {'jpg': {'image_url': 'https://cdn.myanimelist.net/images/voiceactors/1/46581.jpg?s=b89c83066c1fc494ef80129e1442669a'}}, 'name': 'Rotolo, Andrea'}, 'language': 'Italian'}]",119569,https://myanimelist.net/character/119569/Shikadai_Nara,https://cdn.myanimelist.net/images/characters/10/297481.jpg?s=411e200f498bda33f2ce34b88df4a117,https://cdn.myanimelist.net/images/characters/10/297481.webp?s=411e200f498bda33f2ce34b88df4a117,https://cdn.myanimelist.net/images/characters/10/297481t.webp?s=411e200f498bda33f2ce34b88df4a117,"Nara, Shikadai"
Supporting,18503,"[{'person': {'mal_id': 178, 'url': 'https://myanimelist.net/people/178/Shoutarou_Morikubo', 'images': {'jpg': {'image_url': 'https://cdn.myanimelist.net/images/voiceactors/1/74245.jpg?s=80ea6820253642364ac2bbd78fa1fd98'}}, 'name': 'Morikubo, Shoutarou'}, 'language': 'Japanese'}, {'person': {'mal_id': 21713, 'url': 'https://myanimelist.net/people/21713/Jean-Pierre_Denuit', 'images': {'jpg': {'image_url': 'https://cdn.myanimelist.net/images/voiceactors/1/65428.jpg?s=1575df8875bfa060ed982d82c5218faa'}}, 'name': 'Denuit, Jean-Pierre'}, 'language': 'French'}, {'person': {'mal_id': 43054, 'url': 'https://myanimelist.net/people/43054/Jacob_Weigert', 'images': {'jpg': {'image_url': 'https://cdn.myanimelist.net/images/voiceactors/2/46549.jpg?s=277e9ea915203f4af45f4e7b7e5b17bf'}}, 'name': 'Weigert, Jacob'}, 'language': 'German'}, {'person': {'mal_id': 1738, 'url': 'https://myanimelist.net/people/1738/Tom_Gibis', 'images': {'jpg': {'image_url': 'https://cdn.myanimelist.net/images/voiceactors/3/13535.jpg?s=a2ffe898eced4713237487d981cb0772'}}, 'name': 'Gibis, Tom'}, 'language': 'English'}, {'person': {'mal_id': 31859, 'url': 'https://myanimelist.net/people/31859/Javier_Olguín', 'images': {'jpg': {'image_url': 'https://cdn.myanimelist.net/images/voiceactors/2/73462.jpg?s=a2564a862bc79698246db8d77d6cbcc9'}}, 'name': 'Olguín, Javier'}, 'language': 'Spanish'}, {'person': {'mal_id': 5138, 'url': 'https://myanimelist.net/people/5138/Vagner_Fagundes', 'images': {'jpg': {'image_url': 'https://cdn.myanimelist.net/images/voiceactors/2/75284.jpg?s=cdea5cdd1331587131c9f60554f65f87'}}, 'name': 'Fagundes, Vagner'}, 'language': 'Portuguese (BR)'}, {'person': {'mal_id': 21931, 'url': 'https://myanimelist.net/people/21931/Matteo_Zanotti', 'images': {'jpg': {'image_url': 'https://cdn.myanimelist.net/images/voiceactors/2/25227.jpg?s=c1333ed2d886c3283e7442c773ddcdec'}}, 'name': 'Zanotti, Matteo'}, 'language': 'Italian'}]",2007,https://myanimelist.net/character/2007/Shikamaru_Nara,https://cdn.myanimelist.net/images/characters/3/131315.jpg?s=a800fe970f638eae38b1e50d3471121d,https://cdn.myanimelist.net/images/characters/3/131315.webp?s=a800fe970f638eae38b1e50d3471121d,https://cdn.myanimelist.net/images/characters/3/131315t.webp?s=a800fe970f638eae38b1e50d3471121d,"Nara, Shikamaru"
Supporting,57,"[{'person': {'mal_id': 87, 'url': 'https://myanimelist.net/people/87/Daisuke_Namikawa', 'images': {'jpg': {'image_url': 'https://cdn.myanimelist.net/images/voiceactors/2/87158.jpg?s=67279e909d79ec86b941f464347abf0c'}}, 'name': 'Namikawa, Daisuke'}, 'language': 'Japanese'}, {'person': {'mal_id': 43850, 'url': 'https://myanimelist.net/people/43850/Xander_Mobus', 'images': {'jpg': {'image_url': 'https://cdn.myanimelist.net/images/voiceactors/3/47388.jpg?s=38737cfabb549960f1025518c462d380'}}, 'name': 'Mobus, Xander'}, 'language': 'English'}, {'person': {'mal_id': 5084, 'url': 'https://myanimelist.net/people/5084/Rodrigo_Andreatto', 'images': {'jpg': {'image_url': 'https://cdn.myanimelist.net/images/voiceactors/3/81041.jpg?s=67cca1146c49222471cfbf7fc92e0a83'}}, 'name': 'Andreatto, Rodrigo'}, 'language': 'Portuguese (BR)'}, {'person': {'mal_id': 66949, 'url': 'https://myanimelist.net/people/66949/Jaime_Alberto_Carrillo', 'images': {'jpg': {'image_url': 'https://cdn.myanimelist.net/images/voiceactors/1/76308.jpg?s=a0140671909aa6a9f1d64ecbc1e94f41'}}, 'name': 'Carrillo, Jaime Alberto'}, 'language': 'Spanish'}, {'person': {'mal_id': 66255, 'url': 'https://myanimelist.net/people/66255/Álex_de_Porrata', 'images': {'jpg': {'image_url': 'https://cdn.myanimelist.net/images/voiceactors/3/75820.jpg?s=bde98b547ba055c4c1ccd112c4f1ac74'}}, 'name': 'de Porrata, Álex'}, 'language': 'Spanish'}, {'person': {'mal_id': 45958, 'url': 'https://myanimelist.net/people/45958/Guillermo_Genovés', 'images': {'jpg': {'image_url': 'https://cdn.myanimelist.net/images/voiceactors/1/87164.jpg?s=00ad3aca9199749e1764761677a77f71'}}, 'name': 'Genovés, Guillermo'}, 'language': 'Spanish'}, {'person': {'mal_id': 56317, 'url': 'https://myanimelist.net/people/56317/Andrea_Colombo_Giardinelli', 'images': {'jpg': {'image_url': 'https://cdn.myanimelist.net/images/voiceactors/2/67765.jpg?s=e46b794bfbdaa0b9fa16d5048a65ade0'}}, 'name': 'Colombo Giardinelli, Andrea'}, 'language': 'Italian'}, {'person': {'mal_id': 46365, 'url': 'https://myanimelist.net/people/46365/Yi_Zhao', 'images': {'jpg': {'image_url': 'https://cdn.myanimelist.net/images/voiceactors/3/49918.jpg?s=196fe640c02dcb871c64eb7148409ff9'}}, 'name': 'Zhao, Yi'}, 'language': 'Mandarin'}, {'person': {'mal_id': 89972, 'url': 'https://myanimelist.net/people/89972/Danny_Ho', 'images': {'jpg': {'image_url': 'https://cdn.myanimelist.net/images/voiceactors/3/86990.jpg?s=fda7d8e40986f0080162db9446de6774'}}, 'name': 'Ho, Danny'}, 'language': 'Mandarin'}]",130328,https://myanimelist.net/character/130328/Momoshiki_Ootsutsuki,https://cdn.myanimelist.net/images/characters/13/443572.jpg?s=997d0d5b40d6c675c05ac735381d4fa6,https://cdn.myanimelist.net/images/characters/13/443572.webp?s=997d0d5b40d6c675c05ac735381d4fa6,https://cdn.myanimelist.net/images/characters/13/443572t.webp?s=997d0d5b40d6c675c05ac735381d4fa6,"Ootsutsuki, Momoshiki"
Supporting,2,"[{'person': {'mal_id': 25, 'url': 'https://myanimelist.net/people/25/Hiroki_Yasumoto', 'images': {'jpg': {'image_url': 'https://cdn.myanimelist.net/images/voiceactors/2/42158.jpg?s=7b70fcd60f26e4669cc945e4fde4b08d'}}, 'name': 'Yasumoto, Hiroki'}, 'language': 'Japanese'}, {'person': {'mal_id': 43308, 'url': 'https://myanimelist.net/people/43308/Kailas_Mahadevan', 'images': {'jpg': {'image_url': 'https://cdn.myanimelist.net/images/voiceactors/3/47057.jpg?s=1acb2a55a2d3732059fe7b3b84df0312'}}, 'name': 'Mahadevan, Kailas'}, 'language': 'German'}, {'person': {'mal_id': 355, 'url': 'https://myanimelist.net/people/355/Wally_Wingert', 'images': {'jpg': {'image_url': 'https://cdn.myanimelist.net/images/voiceactors/1/25495.jpg?s=3d51b2ab2f770791a8af22e66332e537'}}, 'name': 'Wingert, Wally'}, 'language': 'English'}, {'person': {'mal_id': 44427, 'url': 'https://myanimelist.net/people/44427/Zeca_Rodrigues', 'images': {'jpg': {'image_url': 'https://cdn.myanimelist.net/images/voiceactors/3/48314.jpg?s=3fdefad6f93960454c1e2374990022c8'}}, 'name': 'Rodrigues, Zeca'}, 'language': 'Portuguese (BR)'}, {'person': {'mal_id': 78768, 'url': 'https://myanimelist.net/people/78768/Jaime_Collepardo', 'images': {'jpg': {'image_url': 'https://cdn.myanimelist.net/images/voiceactors/1/82408.jpg?s=8a6447f7f681d9f336e201d7f405db65'}}, 'name': 'Collepardo, Jaime'}, 'language': 'Spanish'}, {'person': {'mal_id': 61693, 'url': 'https://myanimelist.net/people/61693/Francesco_De_Angelis', 'images': {'jpg': {'image_url': 'https://cdn.myanimelist.net/images/questionmark_23.gif?s=f7dcbc4a4603d18356d3dfef8abd655c'}}, 'name': 'De Angelis, Francesco'}, 'language': 'Italian'}, {'person': {'mal_id': 46362, 'url': 'https://myanimelist.net/people/46362/Sheng_Feng', 'images': {'jpg': {'image_url': 'https://cdn.myanimelist.net/images/voiceactors/2/49916.jpg?s=4215a920881c17b9cdee31d5e019931a'}}, 'name': 'Feng, Sheng'}, 'language': 'Mandarin'}, {'person': {'mal_id': 45975, 'url': 'https://myanimelist.net/people/45975/José_Luis_Siurana', 'images': {'jpg': {'image_url': 'https://cdn.myanimelist.net/images/questionmark_23.gif?s=f7dcbc4a4603d18356d3dfef8abd655c'}}, 'name': 'Siurana, José Luis'}, 'language': 'Spanish'}]",130329,https://myanimelist.net/character/130329/Kinshiki_Ootsutsuki,https://cdn.myanimelist.net/images/characters/15/386024.jpg?s=31819f93a01110f1f8bc2f6b14cb7b83,https://cdn.myanimelist.net/images/characters/15/386024.webp?s=31819f93a01110f1f8bc2f6b14cb7b83,https://cdn.myanimelist.net/images/characters/15/386024t.webp?s=31819f93a01110f1f8bc2f6b14cb7b83,"Ootsutsuki, Kinshiki"
Supporting,976,"[{'person': {'mal_id': 245, 'url': 'https://myanimelist.net/people/245/Satoshi_Hino', 'images': {'jpg': {'image_url': 'https://cdn.myanimelist.net/images/voiceactors/2/62832.jpg?s=25d1f3f058ad0e1cf56615b5130ca712'}}, 'name': 'Hino, Satoshi'}, 'language': 'Japanese'}, {'person': {'mal_id': 21395, 'url': 'https://myanimelist.net/people/21395/Maxime_Donnay', 'images': {'jpg': {'image_url': 'https://cdn.myanimelist.net/images/voiceactors/1/79742.jpg?s=b0a6dcbac0594603ab8f978458019e4d'}}, 'name': 'Donnay, Maxime'}, 'language': 'French'}, {'person': {'mal_id': 43306, 'url': 'https://myanimelist.net/people/43306/Nils_Rieke', 'images': {'jpg': {'image_url': 'https://cdn.myanimelist.net/images/questionmark_23.gif?s=f7dcbc4a4603d18356d3dfef8abd655c'}}, 'name': 'Rieke, Nils'}, 'language': 'German'}, {'person': {'mal_id': 1085, 'url': 'https://myanimelist.net/people/1085/Benjamin_Diskin', 'images': {'jpg': {'image_url': 'https://cdn.myanimelist.net/images/voiceactors/2/6315.jpg?s=5b77b6c2de0f42137a115b6347508777'}}, 'name': 'Diskin, Benjamin'}, 'language': 'English'}, {'person': {'mal_id': 44343, 'url': 'https://myanimelist.net/people/44343/Miguel_Ángel_Leal', 'images': {'jpg': {'image_url': 'https://cdn.myanimelist.net/images/voiceactors/2/47808.jpg?s=024fa58b11da87371df0bbe641ed3c33'}}, 'name': 'Leal, Miguel Ángel'}, 'language': 'Spanish'}, {'person': {'mal_id': 46462, 'url': 'https://myanimelist.net/people/46462/Marcus_Pejon', 'images': {'jpg': {'image_url': 'https://cdn.myanimelist.net/images/voiceactors/2/67556.jpg?s=483d15bd3a49ad037b880a4c58427963'}}, 'name': 'Pejon, Marcus'}, 'language': 'Portuguese (BR)'}, {'person': {'mal_id': 48105, 'url': 'https://myanimelist.net/people/48105/Taikang_Chenzhang', 'images': {'jpg': {'image_url': 'https://cdn.myanimelist.net/images/voiceactors/1/52891.jpg?s=41b2e998384e154364ea9de2edd18d65'}}, 'name': 'Chenzhang, Taikang'}, 'language': 'Mandarin'}, {'person': {'mal_id': 7728, 'url': 'https://myanimelist.net/people/7728/Maurizio_Merluzzo', 'images': {'jpg': {'image_url': 'https://cdn.myanimelist.net/images/voiceactors/2/38427.jpg?s=8761e8af68e907913b9171249ac82834'}}, 'name': 'Merluzzo, Maurizio'}, 'language': 'Italian'}]",1901,https://myanimelist.net/character/1901/Sai,https://cdn.myanimelist.net/images/characters/3/36032.jpg?s=3b8e83c47efda2c5b93843f9a0c09fc3,https://cdn.myanimelist.net/images/characters/3/36032.webp?s=3b8e83c47efda2c5b93843f9a0c09fc3,https://cdn.myanimelist.net/images/characters/3/36032t.webp?s=3b8e83c47efda2c5b93843f9a0c09fc3,Sai
Supporting,252,"[{'person': {'mal_id': 12039, 'url': 'https://myanimelist.net/people/12039/Hidenori_Takahashi', 'images': {'jpg': {'image_url': 'https://cdn.myanimelist.net/images/voiceactors/3/43050.jpg?s=a1ffebe1128b713a6ed9ac20afbc83d2'}}, 'name': 'Takahashi, Hidenori'}, 'language': 'Japanese'}, {'person': {'mal_id': 35635, 'url': 'https://myanimelist.net/people/35635/Max_Mittelman', 'images': {'jpg': {'image_url': 'https://cdn.myanimelist.net/images/voiceactors/2/42916.jpg?s=8c7402cb4d6a625c3b41a2e63c6189f5'}}, 'name': 'Mittelman, Max'}, 'language': 'English'}, {'person': {'mal_id': 31359, 'url': 'https://myanimelist.net/people/31359/Pierre_Lognay', 'images': {'jpg': {'image_url': 'https://cdn.myanimelist.net/images/voiceactors/1/71270.jpg?s=06447ffed16bdc34de130f67ed6887e1'}}, 'name': 'Lognay, Pierre'}, 'language': 'French'}, {'person': {'mal_id': 57443, 'url': 'https://myanimelist.net/people/57443/José_Antonio_Toledano', 'images': {'jpg': {'image_url': 'https://cdn.myanimelist.net/images/voiceactors/1/68798.jpg?s=7aa4e130b7c90ffb966762477dcada17'}}, 'name': 'Toledano, José Antonio'}, 'language': 'Spanish'}, {'person': {'mal_id': 21197, 'url': 'https://myanimelist.net/people/21197/Diego_Lima', 'images': {'jpg': {'image_url': 'https://cdn.myanimelist.net/images/voiceactors/3/67235.jpg?s=fea908e2616dad8137bce32cc7a80a61'}}, 'name': 'Lima, Diego'}, 'language': 'Portuguese (BR)'}, {'person': {'mal_id': 55684, 'url': 'https://myanimelist.net/people/55684/Alessandro_Fattori', 'images': {'jpg': {'image_url': 'https://cdn.myanimelist.net/images/voiceactors/1/65228.jpg?s=a4f16dcd0124f826b354525eedb7eda0'}}, 'name': 'Fattori, Alessandro'}, 'language': 'Italian'}, {'person': {'mal_id': 46368, 'url': 'https://myanimelist.net/people/46368/Ming_Song', 'images': {'jpg': {'image_url': 'https://cdn.myanimelist.net/images/voiceactors/1/49922.jpg?s=829ed62b130447346c6aa3311eb2b812'}}, 'name': 'Song, Ming'}, 'language': 'Mandarin'}]",3889,https://myanimelist.net/character/3889/Konohamaru_Sarutobi,https://cdn.myanimelist.net/images/characters/7/109419.jpg?s=818d5a433ba71a276feb67578ccf711a,https://cdn.myanimelist.net/images/characters/7/109419.webp?s=818d5a433ba71a276feb67578ccf711a,https://cdn.myanimelist.net/images/characters/7/109419t.webp?s=818d5a433ba71a276feb67578ccf711a,"Sarutobi, Konohamaru"
Supporting,595,"[{'person': {'mal_id': 27, 'url': 'https://myanimelist.net/people/27/Yukari_Tamura', 'images': {'jpg': {'image_url': 'https://cdn.myanimelist.net/images/voiceactors/3/77254.jpg?s=e480e814edf2c5f8a0ab536d61a4e790'}}, 'name': 'Tamura, Yukari'}, 'language': 'Japanese'}, {'person': {'mal_id': 21433, 'url': 'https://myanimelist.net/people/21433/Élisabeth_Guinand', 'images': {'jpg': {'image_url': 'https://cdn.myanimelist.net/images/voiceactors/3/71122.jpg?s=490ee43a01fddf3e53b30cf68ccbe5c8'}}, 'name': 'Guinand, Élisabeth'}, 'language': 'French'}, {'person': {'mal_id': 37651, 'url': 'https://myanimelist.net/people/37651/Saskia_Weckler', 'images': {'jpg': {'image_url': 'https://cdn.myanimelist.net/images/voiceactors/3/47059.jpg?s=503d68c230500339e672437ee4f9c520'}}, 'name': 'Weckler, Saskia'}, 'language': 'German'}, {'person': {'mal_id': 263, 'url': 'https://myanimelist.net/people/263/Danielle_Judovits', 'images': {'jpg': {'image_url': 'https://cdn.myanimelist.net/images/voiceactors/1/39729.jpg?s=6586a711ff727d5380591cfa92ab61db'}}, 'name': 'Judovits, Danielle'}, 'language': 'English'}, {'person': {'mal_id': 7259, 'url': 'https://myanimelist.net/people/7259/Gaby_Ugarte', 'images': {'jpg': {'image_url': 'https://cdn.myanimelist.net/images/voiceactors/1/73888.jpg?s=5756e0f26d5267dc803ba80732214b12'}}, 'name': 'Ugarte, Gaby'}, 'language': 'Spanish'}, {'person': {'mal_id': 11595, 'url': 'https://myanimelist.net/people/11595/Jussara_Marques', 'images': {'jpg': {'image_url': 'https://cdn.myanimelist.net/images/voiceactors/2/70463.jpg?s=47bade8685f7ebb63bce40bd59b13c8c'}}, 'name': 'Marques, Jussara'}, 'language': 'Portuguese (BR)'}, {'person': {'mal_id': 81246, 'url': 'https://myanimelist.net/people/81246/Sílvia_Tarín', 'images': {'jpg': {'image_url': 'https://cdn.myanimelist.net/images/voiceactors/1/83488.jpg?s=2606f0a61c5540a3bfcca6c8bb07c996'}}, 'name': 'Tarín, Sílvia'}, 'language': 'Spanish'}, {'person': {'mal_id': 43010, 'url': 'https://myanimelist.net/people/43010/Beatrice_Caggiula', 'images': {'jpg': {'image_url': 'https://cdn.myanimelist.net/images/voiceactors/3/46503.jpg?s=46e66caaf8b13cc91b1a96439bd553d0'}}, 'name': 'Caggiula, Beatrice'}, 'language': 'Italian'}, {'person': {'mal_id': 47508, 'url': 'https://myanimelist.net/people/47508/Xiaomeng_Li', 'images': {'jpg': {'image_url': 'https://cdn.myanimelist.net/images/voiceactors/1/51524.jpg?s=03653b01d7448a7911c67461fbfa5494'}}, 'name': 'Li, Xiaomeng'}, 'language': 'Mandarin'}]",3710,https://myanimelist.net/character/3710/Tenten,https://cdn.myanimelist.net/images/characters/16/110946.jpg?s=babf65fba5bfda45c8c6dc400669b6cb,https://cdn.myanimelist.net/images/characters/16/110946.webp?s=babf65fba5bfda45c8c6dc400669b6cb,https://cdn.myanimelist.net/images/characters/16/110946t.webp?s=babf65fba5bfda45c8c6dc400669b6cb,Tenten
Supporting,0,"[{'person': {'mal_id': 11677, 'url': 'https://myanimelist.net/people/11677/Taira_Kikumoto', 'images': {'jpg': {'image_url': 'https://cdn.myanimelist.net/images/voiceactors/1/10790.jpg?s=26d8dd3af1f9bc51ff6b2eda67d41d64'}}, 'name': 'Kikumoto, Taira'}, 'language': 'Japanese'}, {'person': {'mal_id': 43309, 'url': 'https://myanimelist.net/people/43309/Wolfgang_Berger', 'images': {'jpg': {'image_url': 'https://cdn.myanimelist.net/images/voiceactors/2/47056.jpg?s=40d37cc4c749721cf6d1677e0b7e8ee5'}}, 'name': 'Berger, Wolfgang'}, 'language': 'German'}, {'person': {'mal_id': 6562, 'url': 'https://myanimelist.net/people/6562/Christopher_Corey_Smith', 'images': {'jpg': {'image_url': 'https://cdn.myanimelist.net/images/voiceactors/1/41603.jpg?s=b27e0c1e671d1a4df1d9b9a766f80510'}}, 'name': 'Smith, Christopher Corey'}, 'language': 'English'}, {'person': {'mal_id': 43640, 'url': 'https://myanimelist.net/people/43640/César_Marchetti', 'images': {'jpg': {'image_url': 'https://cdn.myanimelist.net/images/voiceactors/3/62698.jpg?s=e8ab9a46e316550e5119b570f58fe574'}}, 'name': 'Marchetti, César'}, 'language': 'Portuguese (BR)'}, {'person': {'mal_id': 73049, 'url': 'https://myanimelist.net/people/73049/Igor_Cruz', 'images': {'jpg': {'image_url': 'https://cdn.myanimelist.net/images/voiceactors/3/79778.jpg?s=e55da9d948f2ed3056cc16d210d0d1d3'}}, 'name': 'Cruz, Igor'}, 'language': 'Spanish'}, {'person': {'mal_id': 39444, 'url': 'https://myanimelist.net/people/39444/Enric_Puig', 'images': {'jpg': {'image_url': 'https://cdn.myanimelist.net/images/voiceactors/3/42308.jpg?s=9a439319f5e39727ce969ca74428a5ca'}}, 'name': 'Puig, Enric'}, 'language': 'Spanish'}, {'person': {'mal_id': 42880, 'url': 'https://myanimelist.net/people/42880/Osmar_Santucho', 'images': {'jpg': {'image_url': 'https://cdn.myanimelist.net/images/questionmark_23.gif?s=f7dcbc4a4603d18356d3dfef8abd655c'}}, 'name': 'Santucho, Osmar'}, 'language': 'Italian'}]",136919,https://myanimelist.net/character/136919/Katasuke_Toono,https://cdn.myanimelist.net/images/characters/15/330449.jpg?s=d99a77a6ecd89bc20935cbb1a67586ca,https://cdn.myanimelist.net/images/characters/15/330449.webp?s=d99a77a6ecd89bc20935cbb1a67586ca,https://cdn.myanimelist.net/images/characters/15/330449t.webp?s=d99a77a6ecd89bc20935cbb1a67586ca,"Toono, Katasuke"
Supporting,357,"[{'person': {'mal_id': 21401, 'url': 'https://myanimelist.net/people/21401/Alexandre_Crépet', 'images': {'jpg': {'image_url': 'https://cdn.myanimelist.net/images/voiceactors/1/71248.jpg?s=e7e3eb3f011298a0c655dc30f2a4e85a'}}, 'name': 'Crépet, Alexandre'}, 'language': 'French'}, {'person': {'mal_id': 45003, 'url': 'https://myanimelist.net/people/45003/José_Antonio_Macías', 'images': {'jpg': {'image_url': 'https://cdn.myanimelist.net/images/voiceactors/2/48331.jpg?s=b6ce9f101df2ef3b94e85aa0789a1527'}}, 'name': 'Macías, José Antonio'}, 'language': 'Spanish'}, {'person': {'mal_id': 632, 'url': 'https://myanimelist.net/people/632/Quinton_Flynn', 'images': {'jpg': {'image_url': 'https://cdn.myanimelist.net/images/voiceactors/3/40995.jpg?s=ab6fa4defe31c1eb3e7bc1a365e8fd13'}}, 'name': 'Flynn, Quinton'}, 'language': 'English'}]",2011,https://myanimelist.net/character/2011/Iruka_Umino,https://cdn.myanimelist.net/images/characters/10/100216.jpg?s=8ce41c2857b1d19260f46e114cc9d158,https://cdn.myanimelist.net/images/characters/10/100216.webp?s=8ce41c2857b1d19260f46e114cc9d158,https://cdn.myanimelist.net/images/characters/10/100216t.webp?s=8ce41c2857b1d19260f46e114cc9d158,"Umino, Iruka"
Supporting,349,"[{'person': {'mal_id': 869, 'url': 'https://myanimelist.net/people/869/Saori_Hayami', 'images': {'jpg': {'image_url': 'https://cdn.myanimelist.net/images/voiceactors/1/86542.jpg?s=a8e7ef2f89d3048ce8d75dfcf411e68b'}}, 'name': 'Hayami, Saori'}, 'language': 'Japanese'}, {'person': {'mal_id': 37652, 'url': 'https://myanimelist.net/people/37652/Arlette_Stanschus', 'images': {'jpg': {'image_url': 'https://cdn.myanimelist.net/images/voiceactors/2/39600.jpg?s=1a3a60473d54b2de17c2b2cfffbf8807'}}, 'name': 'Stanschus, Arlette'}, 'language': 'German'}, {'person': {'mal_id': 452, 'url': 'https://myanimelist.net/people/452/Melissa_Fahn', 'images': {'jpg': {'image_url': 'https://cdn.myanimelist.net/images/voiceactors/2/29855.jpg?s=530a0f47d50ca1c62307fa4f03bf1385'}}, 'name': 'Fahn, Melissa'}, 'language': 'English'}, {'person': {'mal_id': 48977, 'url': 'https://myanimelist.net/people/48977/Helena_Coppejans', 'images': {'jpg': {'image_url': 'https://cdn.myanimelist.net/images/voiceactors/3/80542.jpg?s=ad964967609d384e051fc25148b8957a'}}, 'name': 'Coppejans, Helena'}, 'language': 'French'}, {'person': {'mal_id': 47671, 'url': 'https://myanimelist.net/people/47671/Nycolle_González', 'images': {'jpg': {'image_url': 'https://cdn.myanimelist.net/images/voiceactors/3/70315.jpg?s=f593b3144ae334a87ce3dfd940fd1cc0'}}, 'name': 'González, Nycolle'}, 'language': 'Spanish'}, {'person': {'mal_id': 44288, 'url': 'https://myanimelist.net/people/44288/Vivian_Frenchel', 'images': {'jpg': {'image_url': 'https://cdn.myanimelist.net/images/voiceactors/1/69927.jpg?s=e2d2673c5a7b1a9d4131662a14442401'}}, 'name': 'Frenchel, Vivian'}, 'language': 'Portuguese (BR)'}, {'person': {'mal_id': 47449, 'url': 'https://myanimelist.net/people/47449/Ye_Zhang', 'images': {'jpg': {'image_url': 'https://cdn.myanimelist.net/images/voiceactors/3/51196.jpg?s=c07919b309dca6490e7f6bbcd1d0e33d'}}, 'name': 'Zhang, Ye'}, 'language': 'Mandarin'}, {'person': {'mal_id': 47741, 'url': 'https://myanimelist.net/people/47741/Veronica_Cuscusa', 'images': {'jpg': {'image_url': 'https://cdn.myanimelist.net/images/voiceactors/3/67712.jpg?s=90ba5100209b4596d8e6192dd029232d'}}, 'name': 'Cuscusa, Veronica'}, 'language': 'Italian'}, {'person': {'mal_id': 86075, 'url': 'https://myanimelist.net/people/86075/Natalia_García_Prieto', 'images': {'jpg': {'image_url': 'https://cdn.myanimelist.net/images/voiceactors/3/85635.jpg?s=adfa6a34a50756f6b8a251f549a96f01'}}, 'name': 'García Prieto, Natalia'}, 'language': 'Spanish'}]",117789,https://myanimelist.net/character/117789/Himawari_Uzumaki,https://cdn.myanimelist.net/images/characters/7/504694.jpg?s=b1411783f2d2218f1298db68811cd456,https://cdn.myanimelist.net/images/characters/7/504694.webp?s=b1411783f2d2218f1298db68811cd456,https://cdn.myanimelist.net/images/characters/7/504694t.webp?s=b1411783f2d2218f1298db68811cd456,"Uzumaki, Himawari"
Supporting,37,"[{'person': {'mal_id': 991, 'url': 'https://myanimelist.net/people/991/Atsushi_Abe', 'images': {'jpg': {'image_url': 'https://cdn.myanimelist.net/images/voiceactors/3/54612.jpg?s=442e7bb695aff8059fd1adaa0f81b994'}}, 'name': 'Abe, Atsushi'}, 'language': 'Japanese'}, {'person': {'mal_id': 150, 'url': 'https://myanimelist.net/people/150/Spike_Spencer', 'images': {'jpg': {'image_url': 'https://cdn.myanimelist.net/images/voiceactors/2/36487.jpg?s=1cba3de55c3f166f8f322914de2c6518'}}, 'name': 'Spencer, Spike'}, 'language': 'English'}, {'person': {'mal_id': 56593, 'url': 'https://myanimelist.net/people/56593/Diego_Becerril', 'images': {'jpg': {'image_url': 'https://cdn.myanimelist.net/images/voiceactors/1/73474.jpg?s=49dca75c1a1af79b4e90c0f1f167ae91'}}, 'name': 'Becerril, Diego'}, 'language': 'Spanish'}, {'person': {'mal_id': 52953, 'url': 'https://myanimelist.net/people/52953/Vitor_Mello', 'images': {'jpg': {'image_url': 'https://cdn.myanimelist.net/images/voiceactors/3/73115.jpg?s=2d1a558d002ecf92422ea2d7833e0730'}}, 'name': 'Mello, Vitor'}, 'language': 'Portuguese (BR)'}, {'person': {'mal_id': 43062, 'url': 'https://myanimelist.net/people/43062/Simone_Lupinacci', 'images': {'jpg': {'image_url': 'https://cdn.myanimelist.net/images/voiceactors/2/48334.jpg?s=c8c2b38e0d10a3a93270f7076378cea6'}}, 'name': 'Lupinacci, Simone'}, 'language': 'Italian'}, {'person': {'mal_id': 86002, 'url': 'https://myanimelist.net/people/86002/Sacha_Sorni', 'images': {'jpg': {'image_url': 'https://cdn.myanimelist.net/images/voiceactors/3/85579.jpg?s=48f641e2c44d9a8d9ab11ced8c74f3ab'}}, 'name': 'Sorni, Sacha'}, 'language': 'Spanish'}, {'person': {'mal_id': 48101, 'url': 'https://myanimelist.net/people/48101/Sheng_Zhang', 'images': {'jpg': {'image_url': 'https://cdn.myanimelist.net/images/voiceactors/1/52851.jpg?s=82f088b096763ea4ae9774316d7184c7'}}, 'name': 'Zhang, Sheng'}, 'language': 'Mandarin'}]",127963,https://myanimelist.net/character/127963/Inojin_Yamanaka,https://cdn.myanimelist.net/images/characters/7/297480.jpg?s=6a706b86fba2174c1d69e57efce52a27,https://cdn.myanimelist.net/images/characters/7/297480.webp?s=6a706b86fba2174c1d69e57efce52a27,https://cdn.myanimelist.net/images/characters/7/297480t.webp?s=6a706b86fba2174c1d69e57efce52a27,"Yamanaka, Inojin"
Supporting,0,"[{'person': {'mal_id': 15877, 'url': 'https://myanimelist.net/people/15877/Kengo_Kawanishi', 'images': {'jpg': {'image_url': 'https://cdn.myanimelist.net/images/voiceactors/2/86884.jpg?s=8349d70dd13fcc4f7e5826bf9153a73c'}}, 'name': 'Kawanishi, Kengo'}, 'language': 'Japanese'}, {'person': {'mal_id': 43050, 'url': 'https://myanimelist.net/people/43050/Rasmus_Borowski', 'images': {'jpg': {'image_url': 'https://cdn.myanimelist.net/images/voiceactors/1/46545.jpg?s=32b3b848b42ad460d922aabd6464e822'}}, 'name': 'Borowski, Rasmus'}, 'language': 'German'}, {'person': {'mal_id': 732, 'url': 'https://myanimelist.net/people/732/Bryce_Papenbrook', 'images': {'jpg': {'image_url': 'https://cdn.myanimelist.net/images/voiceactors/3/29853.jpg?s=c0dded60545804ead1a1300c69236bce'}}, 'name': 'Papenbrook, Bryce'}, 'language': 'English'}, {'person': {'mal_id': 21937, 'url': 'https://myanimelist.net/people/21937/Alex_Minei', 'images': {'jpg': {'image_url': 'https://cdn.myanimelist.net/images/voiceactors/1/72564.jpg?s=f5f5bbfe54c289f42a9f28a80d594894'}}, 'name': 'Minei, Alex'}, 'language': 'Portuguese (BR)'}, {'person': {'mal_id': 59299, 'url': 'https://myanimelist.net/people/59299/Oliver_Díaz', 'images': {'jpg': {'image_url': 'https://cdn.myanimelist.net/images/voiceactors/3/70977.jpg?s=2dd640486e76de2be9dcba49cfba6a57'}}, 'name': 'Díaz, Oliver'}, 'language': 'Spanish'}, {'person': {'mal_id': 20242, 'url': 'https://myanimelist.net/people/20242/Stefano_Pozzi', 'images': {'jpg': {'image_url': 'https://cdn.myanimelist.net/images/voiceactors/3/38013.jpg?s=c0c9335f948e3e30697e4679d8aebc1f'}}, 'name': 'Pozzi, Stefano'}, 'language': 'Italian'}, {'person': {'mal_id': 47453, 'url': 'https://myanimelist.net/people/47453/Lanling_Li', 'images': {'jpg': {'image_url': 'https://cdn.myanimelist.net/images/voiceactors/2/51201.jpg?s=6cc2304b897228ac0d3d860d498fc52e'}}, 'name': 'Li, Lanling'}, 'language': 'Mandarin'}]",135212,https://myanimelist.net/character/135212/Yurui,https://cdn.myanimelist.net/images/characters/5/362443.jpg?s=f81336cef159309b78b6e596e21ad455,https://cdn.myanimelist.net/images/characters/5/362443.webp?s=f81336cef159309b78b6e596e21ad455,https://cdn.myanimelist.net/images/characters/5/362443t.webp?s=f81336cef159309b78b6e596e21ad455,Yurui
